"","ID","URL","Title","body","Country","Group","Protest","Protest_Type","Discrim","Discrim_Type"
"1",26,"https://www.youtube.com/watch?v=CpRMR4z28Zk","Some 300 Filipinos affected by Australia bushfires; MalacaÃ±ang assures assistance","","AUS","filipino",0,0,0,0
"2",28,"https://www.youtube.com/watch?v=1cqDvWJJ1Wo","My CURRENT VISA STATUS: Subclass 485 I Filipino International Student In Australia","","AUS","filipino",0,0,0,0
"3",53,"https://www.youtube.com/watch?v=VQMabUCYbJQ","FILIPINO PARTY SA BAHAY NI TITA AUSTRALIA","","AUS","none",0,0,0,0
"4",55,"https://www.youtube.com/watch?v=DqaAeHc05wo","HOW MUCH DO FILIPINOS EARN IN AUSTRALIA 2020? - Magkano ang sahod sa Australia?","","none","none",0,0,0,0
"5",58,"https://www.youtube.com/watch?v=rADEjMm834Q","After my Boyfriend Left for Australia ï‡¦ï‡º | Weekly Vlog + Basketball ï€","","none","none",0,0,0,0
"6",67,"https://www.youtube.com/watch?v=psBpXUy4_dQ","Filipino Store Australia","","AUS","filipino",0,0,0,0
"7",71,"https://www.youtube.com/watch?v=NLp2Zu05vMU","HOW MUCH IS THE GYM FEE IN Australiaï‹ï¸â€â™‚ï¸ ï‡¦ï‡º FILIPINOS IN BRISBANE ï‡µï‡­","","AUS","filipino",0,0,0,0
"8",73,"https://www.youtube.com/watch?v=I8uenyTKHec","Sydney Opera House, Best Places to eat in Sydney, Australia Filipino Travel Vlog â¤ï¸ïŒˆ Katesorandom","","AUS","none",0,0,0,0
"9",77,"https://www.philembassy.org.au/latest/advisory/public-advisory-for-filipino-students-in-australia","Public Advisory for Filipino Students in Australia","01 April 2020 – The Philippine Embassy in Canberra understands the difficulties Filipino students are facing in Australia as a result of the COVID-19 pandemic. The Embassy has elevated these concerns to relevant authorities in the Philippines. Given the prolonged impact of this crisis, the Embassy encourages students to carefully re-evaluate their situation and be open to considering going home when conditions warrant so that they will have the security from family and from all the branches and services of the Philippine government. If students choose to stay, please undertake all necessary precautions, stay in a safe location, regularly inform schools of your condition, and comply with current government regulations on preventing the spread of the virus. The Philippine Embassy in Canberra shares the following information provided by relevant Australian Government agencies on support for international students. For questions on your visa, contact the Department of Home Affairs and visit https://covid19.homeaffairs.gov.au/ For concerns on enrolment, fees or other issues related to your studies, contact your education provider. If your education provider cannot assist, contact the Department of Education, Skills and Employment at (+61) 1300 981 621 from 9am to 5pm, Monday to Friday AEDT, except public holidays or email international.students@dese.gov.au. For mental well-being support, international students can access support through Lifeline Australia (13 11 14), Youth Beyond Blue (1300 224 636) and Headspace (1800 650 890). Monitor www.australia.gov.au on further government advice including the announcement that evictions will be put on hold for 6 months by the states and territories. Further information is available inhttps://www.studyinaustralia.gov.au/English/student-support For consular and assistance to nationals queries for the Philippine Embassy in Canberra, call (02) 6273-2535 loc 231, loc 259 and loc 233 from 10am to 3pm, Monday to Friday AEDT, except public holidays or call +61408735383. The Philippine Consulate General in Sydney may be reached at sydney.pcg@dfa.gov.ph. The Philippine Consulate General in Melbourne may be reached at melbourne.pcg@dfa.gov.ph. END Next Post Previous Post About Embassy of CanberraLatest NewsLatest AdvisoryInformation BoardOverseas VotingOverseas Labor OfficeBids and AwardsCultural GalleryFilipinos in Australia75th Year of PH-AU Friendship500 Quincentennial CommemorationsThe PHL-AUS Factbook FAQsOnline AppointmentNotarials/ LegalizationPassportVisaDual CitizenshipNBI ClearanceAssistance to NationalsCivil RegistrySchedule of FeesOther Services Download FormsAustralia OfficesPHL-AUS HolidaysSearchSitemapContact Us All content is in the public domain unless otherwise stated. The FlagThe National AnthemThe MapThe Filipino People75th Year of PH-AU Friendship Learn more about the Philippine government, its structure, how government works and the people behind it. Official GazetteOpen Data PortalSend us your feedback Office of the PresidentOffice of the Vice PresidentSenate of the PhilippinesHouse of RepresentativesSupreme CourtCourt of AppealsSandiganbayan","AUS","filipino",0,0,0,0
"10",83,"https://www.youtube.com/watch?v=k96TgPbYZtY","HOW I GOT MY STUDENT VISA? | FILIPINO STUDENT | Tips & process of getting student visa in AUSTRALIA","","AUS","none",0,0,0,0
"11",95,"https://www.youtube.com/watch?v=9kmNUiXjTXU","More Filipino's aiming to move to Australia","","AUS","filipino",0,0,0,0
"12",96,"http://mnlmag.com/tfc-combo-offers-filipinos-in-australia-new-zealand-access-to-a-bouquet-of-pinoy-ne/","TFC Combo Offers Filipinos In Australia & New Zealand Access To A Bouquet Of Pinoy Ne"," TFC IPTV Premium users in Australia and New Zealand are now able to connect to ‘home’ wherever they may be with the TFC Combo. For as low as $25.99 per month, they can now get a TFC IPTV Video on Demand Premium Plan PLUS a complimentary access to TFC Online. TFC Combo makes the best in Kapamilya home entertainment even more accessible and affordable – from drama classics like Walang Hanggan and The Legal Wife to all-time primetime favorites such as On The Wings of Love and Got To Believe, from throwing back to feel-good 100 Days To Heaven and May Bukas Pa to viewing current livestreams of It’s Showtime and ASAP Natin ‘to.  Filipinos who need their daily news from their country will never miss a breaking story with TV Patrol, DZMM and ANC. The offer also brings the viewers hundreds of Pinoy movies to watch. They also have the option to rent latest Kapamilya Box Office (KBO) movies like Unbreakable (starring Bea Alonso and Angelica Panganiban), James, Pat and Dave (Loisa Andalio, Ronnie Alonte and Donny Pangilinan), The Heiress (Maricel Soriano and Janella Salvador) and Block Z (Joshua Garcia and Julia Barreto) on Kapamilya Box Office Movies for rent. What’s more, the whole family can enjoy their preferred TFC program at their own convenience, on their own devices. They can choose to watch from a plug-and-play TFC IPTV setup box on TV, streaming from Telstra TV (Australia only) or Samsung Smart TV, via laptop or desktop, on their smartphones or tablets, and even thru Google Chromecast or Apple AirPlay. Save up to $17.99 per month with the TFC Combo offer. To subscribe to TFC IPTV, visit https://asiapacific.mytfc.com/tfc-iptv-australia-promo or https://asiapacific.mytfc.com/tfc-iptv-new-zealand-promo. Promo runs until June 30, 2020. For updates on your favorite Kapamilya shows on TFC, visit TFC Australia or TFC New Zealand on Facebook. Contact Us Apply for Job Openings Apply for Internships Subscribe to Newsstand User Agreement Privacy Policy Commenting & Moderating Policy Linking Policy Manila Magazine is a part of PAGEONE Media®. PAGEONE Media® is a powerful portfolio of websites that serving highly-engaged audience monthly. From young to adult men and women, our audience show an unparalleled commitment to our online platforms and content.","AUS","filipino",0,0,0,0
"13",99,"https://www.gmanetwork.com/news/pinoyabroad/news/737057/pinay-in-australia-gets-recognition-for-acts-of-kindness-amid-pandemic/story/","Pinay helps stranded Filipinos in Australia","A Filipina in Australia has been helping stranded Filipino students and migrant workers in Perth. “Artania docked here in Perth with COVID-19 patients. A portion of these were Filipino workers that I helped provide care packages for. They were scheduled to go home last Sunday but due to the announcement of the President to close the Philippine borders, they are still stranded here in Perth,” revealed Melissa Dalisay Aguasa, owner of the Melissa’s Filipino Shop , referring to the cruise ship. “I do not know anyone of these people personally [but] when I learned it was a cruise ship, I assumed the crew would be mostly Filipinos,” she added in an interview via Messenger that started in May 2. It eventually turned out that there were Indonesians and Europeans also in the crew, but Aguasa continued to help. “When I found out that some were sent to the hospitals [here], I tried my best to locate them and tried to find a Filipino nurse that can help me contact them. Once I found where they were, I made contact with them and asked what help they need.” Aguasa – who by that time has earned the moniker “Filipino Angel of Perth” – led some of her friends as well as some Filipino organizations in packing and delivering care packages to the stranded crew members and students afterwards. “We focused on providing them with vitamins and food to help in their recovery. We looked after them from the day they arrived at the hospital, to their hotel quarantine, and until they left to go back to the Philippines.” And while Aguasa has feared getting COVID-19 too, she went out of her way to help. “Yes I am afraid but I feel and understand that during times like these, I have to be selfless and prioritize their needs. I have to put them before my own fears because they are going through very tough times.” “I know firsthand how it feels to be in despair, and through those hardships, I built resilience of character and gratitude towards the people who wholeheartedly helped me and deepened my faith in God. I have since figured out that all of us can be a source of hope to anyone who is genuinely in need of support.” —LBG, GMA News","AUS","filipino",0,0,0,0
"14",104,"https://www.youtube.com/watch?v=oTm4ficp0fs","Mukbang- Filipino Food In Australia with Caiti Baker and Kuya James","","AUS","none",0,0,0,0
"15",107,"https://www.youtube.com/watch?v=j4HbD8nU694","Weekend Routine | Grocery & Yeppoon "" Filipino in Australia #vlog 10","","AUS","none",0,0,0,0
"16",132,"https://www.youtube.com/watch?v=X9uomXQuKaI","[vlog] bought the 16 inch macbook pro; filipino young adult in australia","","none","none",0,0,0,0
"17",135,"https://www.sbs.com.au/language/english/audio/from-show-band-to-the-voice-australia-filipino-singer-proud-of-his-humble-beginnings","From show band to The Voice Australia: Filipino singer proud of his humble beginnings","Filipino-Australian singer Jerson Trinidad is earning admiration not only for his creativity in music but also for his humble beginnings in the field of music. Jerson Trinidad is no doubt one of the brightest singers in Australia’s music industry. From solo performance to live band performance, the former The Voice Australia finalist, Star Search, New Faces winner and popular bar singer has definitely made his own mark.  Highlights At an early age of 14, Mr Trinidad begun his singing career in the Philippines by joining singing contests and singing for several show bands performing around the Philippines and Asia Mr Trinidad believes that music made him a better person The 50-year-old singer continues to develop his unique vocal style in the midst of the pandemic Since migrating with his family to Australia in 1990, he shares that they too, as new migrants, faced hard challenges. “We had so many trials before we came to Australia. We were reliant on prayers and patience and I thank God we got through all the trials and we made it to Australia.” At an early age of 14, Mr Trinidad begun his singing career in the Philippines by joining singing contests and later on became a singer of several show bands performing around the Philippines and Asia. He says singing in different show bands helped develop his talent and confidence but it is in Australia where he improved his fluency in the English language. ""Singing for a show band and traveling overseas to sing developed my talent and gave me experience but when I came to Australia, my diction became more polished and playing with Australian musicians helped and Im thankful I was able to assimilate.” Mr Trinidad is no stranger to TV talent shows. He appeared on Star search and made it through the finals. He also won the title New Faces the following year and he says this would not be possible without the support of the Filipino community in Sydney. “I remember when I first arrived and joined Star search, I was living in Sydney that time, the Filipino community were very supportive.” In 2012, Mr Trinidad tried his luck on The Voice Australia hoping for a big break. Although only making it to the battle round, he says it was a great experience he will always remember. “I did the first season with the Voice 8 years ago. There were five representatives from Melbourne and I’m lucky to be picked as one of them. I only made it to the battle rounds and lost over Matt Hetherington, but it was a great experience and totally different from Star search and new faces.” Mr Trinidad believes that music made him a better person. ""Music made me a better person and I feel like I am a more evolved person because of music. It brought good things in my life including the people I met and the places I've been. I am very grateful to God because he has given me this gift."" The 50-year-old singer continues to develop his unique vocal style in the midst of the pandemic and says he is ready and excited to sing as soon as the government opens pubs and entertainment venues. “I’m excited to be back on stage and as the government slowly eases restrictions, I’m also practicing some new songs and repertoire.” ALSO READ / LISTEN TO ‘It’s humbling to represent Philippines in Australia’: Top-line artist Jerson Trinidad on representationSheldon Riley: 'I get to be the person I've always wanted to be' SBS acknowledges the traditional owners of country throughout Australia.","AUS","filipino",0,0,0,0
"18",144,"https://www.youtube.com/watch?v=FlVdSADJ4zk","filipino food cravings in australia // pandemic vlog","","AUS","none",0,0,0,0
"19",153,"https://www.youtube.com/watch?v=O4FOqaAXcbk","Filipino International Students in Australia | Classroom Settingï¤ª","","AUS","filipino",0,0,0,0
"20",157,"https://globalnation.inquirer.net/189365/no-filipinos-infected-with-covid-19-in-australia-says-envoy","No Filipinos infected with COVID-19 in Australia, says envoy","MANILA, Philippines — There are no Filipinos infected with the coronavirus disease 2019 (COVID-19) in Australia, the Philippine Ambassador to Canberra said Thursday.  “Wala pong reported infected na Filipino (dito sa Australia). ‘Yan po ang magandang balita na maibibigay ko sa inyo,” Ambassador Ma. Hellen dela Vega said in a televised press briefing. (There are no reported infected Filipinos here. That’s the good news that I can share with you.) Nonetheless, the diplomat urged Filipinos there to continue observing health protocols like physical distancing and wearing of masks after the Australian authorities implement a six-week lockdown of Melbourne due to an increase in the number of coronavirus cases in the State of Victoria. According to the Johns Hopkins University Coronavirus Resource Center, there are 9,059 confirmed COVID-19 cases in Australia with 7,575 total recoveries and 106 total deaths as of July 9. For more news about the novel coronavirus click here. What you need to know about Coronavirus. For more information on COVID-19, call the DOH Hotline: (02) 86517800 local 1149/1150. The Inquirer Foundation supports our healthcare frontliners and is still accepting cash donations to be deposited at Banco de Oro (BDO) current account #007960018860 or donate through PayMaya using this link . Subscribe to INQUIRER PLUS to get access to The Philippine Daily Inquirer & other 70+ titles, share up to 5 gadgets, listen to the news, download as early as 4am & share articles on social media. Call 896 6000. By providing an email address. I agree to the Terms of Use and acknowledge that I have read the Privacy Policy. We use cookies to ensure you get the best experience on our website. By continuing, you are agreeing to our use of cookies. To find out more, please click this link.","AUS","filipino",0,0,0,0
"21",158,"https://www.wowcordillera.com/2020/07/australia-is-keen-of-hiring-filipino.html","Australia is keen of hiring Filipino welders, electrical engineers and workers in agricultural sector.","All The WOW News in Cordillera I'm so interested to apply as a welder. How to apply sir/ma'am I'm so interested to apply as a welder. How to apply sir/ma'am Can you please ma'am and sir give me a way on how to apply as a welder? Thank you po Ma'am/Sir Interested po how to apply and what are the requirements bilang worker in agricultural sector. thank you Ma'am/Sir Interested po how to apply and what are the requirements bilang worker in agricultural sector. thank you How to apply What are the requirements for electrical engineers? In some cases, mortgage brokers utilize their present clients to bring in brand-new ones. They request their existing clients for referrals amongst loved ones, close friends as well as coworkers. mortgage lenders whitby utilize advertising presents such as pens, note pads, journals as well as various other such points to calm them right into offering references. Happy new year to the love of my life. Stay the amazing human that you are and keep shining bright wherever you go! Why Do We Celebrate New Year’s Eve?   Photo Courtesy || Jeyrick Sigmaton Cordillera - Igorot actor Jeyrick ""Carrotman"" Sigmaton won the Best Actor for the Int...","AUS","filipino",0,0,0,0
"22",170,"https://www.youtube.com/watch?v=QkFNHhUUYTk","Working, Adulting, and Baking as a Filipino Engineer in Australia - Macey Mapanao","","AUS","filipino",0,0,0,0
"23",187,"https://www.youtube.com/watch?v=WV-wpc69Aek","NAG REPLY NA ANG UNIVERSITY SA AUSTRALIA.. START NA TAYO NG APPLICATION | FILIPINO INDIAN COUPLE","","AUS","none",0,0,0,0
"24",198,"https://www.youtube.com/watch?v=gqVsFqHqPTI","BLACKPINK - 'Ice Cream (with Selena Gomez)' M/V Reaction Video | Filipino LGBT Couple in Australia","","none","none",0,0,0,0
"25",205,"https://www.youtube.com/watch?v=ulObEErekSE","POG | STORY TIME WITH MARSHALL | FILIPINO IN AUSTRALIA | tobringtogether","","none","none",0,0,0,0
"26",207,"https://www.youtube.com/watch?v=Cu6CMdCY4no","6 Reasons Why Filipinos SHOULD NOT Come to Australia","","AUS","filipino",0,0,0,0
"27",208,"https://www.youtube.com/watch?v=p-_SbCMCsT0","Boodle fight | Eating using hands | Filipino in Australia | Food fiesta","","none","filipino",0,0,0,0
"28",213,"https://www.youtube.com/watch?v=TqE0LjpNq3Q","LA PEROUSE, SYDNEY AUSTRALIA 2020 | FILIPINO FAMILY TRAVEL IN AUSTRALIA | tobringtogether","","AUS","none",0,0,0,0
"29",221,"https://www.youtube.com/watch?v=LeIwvlSb3E8","VISIT TO ST MARY MACKILLOP + TIP HOW TO SAVE HERE IN AUSTRALIA | FILIPINO IN AUSTRALIA |","","AUS","none",0,0,0,0
"30",227,"https://www.youtube.com/watch?v=8r4lchZLlYo","MAGKANO ANG NAGASTOS KO PAPUNTANG AUSTRALIA? ï‡¦ï‡º FILIPINO INTERNATIONAL STUDENT  || VELBASILIO","","AUS","none",0,0,0,0
"31",232,"https://www.youtube.com/watch?v=2PCZta_do90","Filipino Mass at St Francis' Church: 13 September 2020 - Melbourne, Australia","","AUS","filipino",0,0,0,0
"32",247,"https://www.youtube.com/watch?v=XbNu42qL1Xc","How much is the Rent here in Australia| Filipino International Student |","","AUS","none",0,0,0,0
"33",251,"https://www.youtube.com/watch?v=SmzCIAdWQSM","Greater Geelong | Filipino International Student in Australia","","AUS","none",0,0,0,0
"34",258,"https://www.youtube.com/watch?v=9y952t2jprI","STARTING A YOUTUBE CHANNEL | THINGS TO KNOW | HOW TO GET 1000 SUBSCRIBERS | FILIPINO IN AUSTRALIA","","none","none",0,0,0,0
"35",264,"https://www.youtube.com/watch?v=9bIdwIvWXFs","How to make Mango Float | Filipino Dessert | Countryside Australia | Famela Mitchell","","none","none",0,0,0,0
"36",269,"https://www.youtube.com/watch?v=CG_drXPJjdM","Chicken Arroz Caldo + Tofu | Filipino Food | Filipino Cooks | Melbourne | Australia","","none","none",0,0,0,0
"37",274,"https://www.youtube.com/watch?v=8u0FiiujSFc","What's in our Fridge? | Ref Tour | Minimalist | Filipino Life in Australia | Lifestyle Vlog","","none","none",0,0,0,0
"38",289,"https://www.youtube.com/watch?v=fSxrFiQKig4","A Day in My Life | Filipino university student | studying ï“–, dog training ï¶ | Australia | Lycel J","","none","none",0,0,0,0
"39",293,"https://www.youtube.com/watch?v=N4qzeEinb3M","Cheese Tasting| Filipino TonqueTwister |Countryside Australia | Famela Mitchell","","none","none",0,0,0,0
"40",297,"https://www.youtube.com/watch?v=p6TdLltgXSU","FILIPINO FAMILY LIFE LIVING IN AUSTRALIA - SUNDAY LUNCH OUT WITH DABARKADS","","none","none",0,0,0,0
"41",NA,"","","NULL","","",NA,NA,NA,NA
"42",NA,"","","NULL","","",NA,NA,NA,NA
"43",NA,"","","NULL","","",NA,NA,NA,NA
"44",NA,"","","NULL","","",NA,NA,NA,NA
"45",NA,"","","NULL","","",NA,NA,NA,NA
"46",NA,"","","NULL","","",NA,NA,NA,NA
"47",NA,"","","NULL","","",NA,NA,NA,NA
"48",NA,"","","NULL","","",NA,NA,NA,NA
"49",NA,"","","NULL","","",NA,NA,NA,NA
"50",NA,"","","NULL","","",NA,NA,NA,NA
"51",NA,"","","NULL","","",NA,NA,NA,NA
"52",NA,"","","NULL","","",NA,NA,NA,NA
"53",NA,"","","NULL","","",NA,NA,NA,NA
"54",NA,"","","NULL","","",NA,NA,NA,NA
"55",NA,"","","NULL","","",NA,NA,NA,NA
"56",NA,"","","NULL","","",NA,NA,NA,NA
"57",NA,"","","NULL","","",NA,NA,NA,NA
"58",NA,"","","NULL","","",NA,NA,NA,NA
"59",NA,"","","NULL","","",NA,NA,NA,NA
"60",NA,"","","NULL","","",NA,NA,NA,NA
"61",NA,"","","NULL","","",NA,NA,NA,NA
"62",NA,"","","NULL","","",NA,NA,NA,NA
"63",NA,"","","NULL","","",NA,NA,NA,NA
"64",NA,"","","NULL","","",NA,NA,NA,NA
"65",NA,"","","NULL","","",NA,NA,NA,NA
"66",NA,"","","NULL","","",NA,NA,NA,NA
"67",NA,"","","NULL","","",NA,NA,NA,NA
"68",NA,"","","NULL","","",NA,NA,NA,NA
"69",NA,"","","NULL","","",NA,NA,NA,NA
"70",NA,"","","NULL","","",NA,NA,NA,NA
"71",NA,"","","NULL","","",NA,NA,NA,NA
"72",NA,"","","NULL","","",NA,NA,NA,NA
"73",NA,"","","NULL","","",NA,NA,NA,NA
"74",NA,"","","NULL","","",NA,NA,NA,NA
"75",NA,"","","NULL","","",NA,NA,NA,NA
"76",NA,"","","NULL","","",NA,NA,NA,NA
"77",NA,"","","NULL","","",NA,NA,NA,NA
"78",NA,"","","NULL","","",NA,NA,NA,NA
"79",NA,"","","NULL","","",NA,NA,NA,NA
"80",NA,"","","NULL","","",NA,NA,NA,NA
"81",NA,"","","NULL","","",NA,NA,NA,NA
"82",NA,"","","NULL","","",NA,NA,NA,NA
"83",NA,"","","NULL","","",NA,NA,NA,NA
"84",NA,"","","NULL","","",NA,NA,NA,NA
"85",NA,"","","NULL","","",NA,NA,NA,NA
"86",NA,"","","NULL","","",NA,NA,NA,NA
"87",NA,"","","NULL","","",NA,NA,NA,NA
"88",NA,"","","NULL","","",NA,NA,NA,NA
"89",NA,"","","NULL","","",NA,NA,NA,NA
"90",NA,"","","NULL","","",NA,NA,NA,NA
"91",NA,"","","NULL","","",NA,NA,NA,NA
"92",NA,"","","NULL","","",NA,NA,NA,NA
"93",NA,"","","NULL","","",NA,NA,NA,NA
"94",NA,"","","NULL","","",NA,NA,NA,NA
"95",NA,"","","NULL","","",NA,NA,NA,NA
"96",NA,"","","NULL","","",NA,NA,NA,NA
"97",NA,"","","NULL","","",NA,NA,NA,NA
"98",NA,"","","NULL","","",NA,NA,NA,NA
"99",NA,"","","NULL","","",NA,NA,NA,NA
"100",NA,"","","NULL","","",NA,NA,NA,NA
"101",NA,"","","NULL","","",NA,NA,NA,NA
"102",NA,"","","NULL","","",NA,NA,NA,NA
"103",NA,"","","NULL","","",NA,NA,NA,NA
"104",NA,"","","NULL","","",NA,NA,NA,NA
"105",NA,"","","NULL","","",NA,NA,NA,NA
"106",NA,"","","NULL","","",NA,NA,NA,NA
"107",NA,"","","NULL","","",NA,NA,NA,NA
"108",NA,"","","NULL","","",NA,NA,NA,NA
"109",NA,"","","NULL","","",NA,NA,NA,NA
"110",NA,"","","NULL","","",NA,NA,NA,NA
"111",NA,"","","NULL","","",NA,NA,NA,NA
"112",NA,"","","NULL","","",NA,NA,NA,NA
"113",NA,"","","NULL","","",NA,NA,NA,NA
"114",NA,"","","NULL","","",NA,NA,NA,NA
"115",NA,"","","NULL","","",NA,NA,NA,NA
"116",NA,"","","NULL","","",NA,NA,NA,NA
"117",NA,"","","NULL","","",NA,NA,NA,NA
"118",NA,"","","NULL","","",NA,NA,NA,NA
"119",NA,"","","NULL","","",NA,NA,NA,NA
"120",NA,"","","NULL","","",NA,NA,NA,NA
"121",NA,"","","NULL","","",NA,NA,NA,NA
"122",NA,"","","NULL","","",NA,NA,NA,NA
"123",NA,"","","NULL","","",NA,NA,NA,NA
"124",NA,"","","NULL","","",NA,NA,NA,NA
"125",NA,"","","NULL","","",NA,NA,NA,NA
"126",NA,"","","NULL","","",NA,NA,NA,NA
"127",NA,"","","NULL","","",NA,NA,NA,NA
"128",NA,"","","NULL","","",NA,NA,NA,NA
"129",NA,"","","NULL","","",NA,NA,NA,NA
"130",NA,"","","NULL","","",NA,NA,NA,NA
"131",NA,"","","NULL","","",NA,NA,NA,NA
"132",NA,"","","NULL","","",NA,NA,NA,NA
"133",NA,"","","NULL","","",NA,NA,NA,NA
"134",NA,"","","NULL","","",NA,NA,NA,NA
"135",NA,"","","NULL","","",NA,NA,NA,NA
"136",NA,"","","NULL","","",NA,NA,NA,NA
"137",NA,"","","NULL","","",NA,NA,NA,NA
"138",NA,"","","NULL","","",NA,NA,NA,NA
"139",NA,"","","NULL","","",NA,NA,NA,NA
"140",NA,"","","NULL","","",NA,NA,NA,NA
"141",NA,"","","NULL","","",NA,NA,NA,NA
"142",NA,"","","NULL","","",NA,NA,NA,NA
"143",NA,"","","NULL","","",NA,NA,NA,NA
"144",NA,"","","NULL","","",NA,NA,NA,NA
"145",NA,"","","NULL","","",NA,NA,NA,NA
"146",NA,"","","NULL","","",NA,NA,NA,NA
"147",NA,"","","NULL","","",NA,NA,NA,NA
"148",NA,"","","NULL","","",NA,NA,NA,NA
"149",NA,"","","NULL","","",NA,NA,NA,NA
"150",NA,"","","NULL","","",NA,NA,NA,NA
"151",NA,"","","NULL","","",NA,NA,NA,NA
"152",NA,"","","NULL","","",NA,NA,NA,NA
"153",NA,"","","NULL","","",NA,NA,NA,NA
"154",NA,"","","NULL","","",NA,NA,NA,NA
"155",NA,"","","NULL","","",NA,NA,NA,NA
"156",NA,"","","NULL","","",NA,NA,NA,NA
"157",NA,"","","NULL","","",NA,NA,NA,NA
"158",NA,"","","NULL","","",NA,NA,NA,NA
"159",NA,"","","NULL","","",NA,NA,NA,NA
"160",NA,"","","NULL","","",NA,NA,NA,NA
"161",NA,"","","NULL","","",NA,NA,NA,NA
"162",NA,"","","NULL","","",NA,NA,NA,NA
"163",NA,"","","NULL","","",NA,NA,NA,NA
"164",NA,"","","NULL","","",NA,NA,NA,NA
"165",NA,"","","NULL","","",NA,NA,NA,NA
"166",NA,"","","NULL","","",NA,NA,NA,NA
"167",NA,"","","NULL","","",NA,NA,NA,NA
"168",NA,"","","NULL","","",NA,NA,NA,NA
"169",NA,"","","NULL","","",NA,NA,NA,NA
"170",NA,"","","NULL","","",NA,NA,NA,NA
"171",NA,"","","NULL","","",NA,NA,NA,NA
"172",NA,"","","NULL","","",NA,NA,NA,NA
"173",NA,"","","NULL","","",NA,NA,NA,NA
"174",NA,"","","NULL","","",NA,NA,NA,NA
"175",NA,"","","NULL","","",NA,NA,NA,NA
"176",NA,"","","NULL","","",NA,NA,NA,NA
"177",NA,"","","NULL","","",NA,NA,NA,NA
"178",NA,"","","NULL","","",NA,NA,NA,NA
"179",NA,"","","NULL","","",NA,NA,NA,NA
"180",NA,"","","NULL","","",NA,NA,NA,NA
"181",NA,"","","NULL","","",NA,NA,NA,NA
"182",NA,"","","NULL","","",NA,NA,NA,NA
"183",NA,"","","NULL","","",NA,NA,NA,NA
"184",NA,"","","NULL","","",NA,NA,NA,NA
"185",NA,"","","NULL","","",NA,NA,NA,NA
"186",NA,"","","NULL","","",NA,NA,NA,NA
"187",NA,"","","NULL","","",NA,NA,NA,NA
"188",NA,"","","NULL","","",NA,NA,NA,NA
"189",NA,"","","NULL","","",NA,NA,NA,NA
"190",NA,"","","NULL","","",NA,NA,NA,NA
"191",NA,"","","NULL","","",NA,NA,NA,NA
"192",NA,"","","NULL","","",NA,NA,NA,NA
"193",NA,"","","NULL","","",NA,NA,NA,NA
"194",NA,"","","NULL","","",NA,NA,NA,NA
"195",NA,"","","NULL","","",NA,NA,NA,NA
"196",NA,"","","NULL","","",NA,NA,NA,NA
"197",NA,"","","NULL","","",NA,NA,NA,NA
"198",NA,"","","NULL","","",NA,NA,NA,NA
"199",NA,"","","NULL","","",NA,NA,NA,NA
"200",NA,"","","NULL","","",NA,NA,NA,NA
"201",NA,"","","NULL","","",NA,NA,NA,NA
"202",NA,"","","NULL","","",NA,NA,NA,NA
"203",NA,"","","NULL","","",NA,NA,NA,NA
"204",NA,"","","NULL","","",NA,NA,NA,NA
"205",NA,"","","NULL","","",NA,NA,NA,NA
"206",NA,"","","NULL","","",NA,NA,NA,NA
"207",NA,"","","NULL","","",NA,NA,NA,NA
"208",NA,"","","NULL","","",NA,NA,NA,NA
"209",NA,"","","NULL","","",NA,NA,NA,NA
"210",NA,"","","NULL","","",NA,NA,NA,NA
"211",NA,"","","NULL","","",NA,NA,NA,NA
"212",NA,"","","NULL","","",NA,NA,NA,NA
"213",NA,"","","NULL","","",NA,NA,NA,NA
"214",NA,"","","NULL","","",NA,NA,NA,NA
"215",NA,"","","NULL","","",NA,NA,NA,NA
"216",NA,"","","NULL","","",NA,NA,NA,NA
"217",NA,"","","NULL","","",NA,NA,NA,NA
"218",NA,"","","NULL","","",NA,NA,NA,NA
"219",NA,"","","NULL","","",NA,NA,NA,NA
"220",NA,"","","NULL","","",NA,NA,NA,NA
"221",NA,"","","NULL","","",NA,NA,NA,NA
"222",NA,"","","NULL","","",NA,NA,NA,NA
"223",NA,"","","NULL","","",NA,NA,NA,NA
"224",NA,"","","NULL","","",NA,NA,NA,NA
"225",NA,"","","NULL","","",NA,NA,NA,NA
"226",NA,"","","NULL","","",NA,NA,NA,NA
"227",NA,"","","NULL","","",NA,NA,NA,NA
"228",NA,"","","NULL","","",NA,NA,NA,NA
"229",NA,"","","NULL","","",NA,NA,NA,NA
"230",NA,"","","NULL","","",NA,NA,NA,NA
"231",NA,"","","NULL","","",NA,NA,NA,NA
"232",NA,"","","NULL","","",NA,NA,NA,NA
"233",NA,"","","NULL","","",NA,NA,NA,NA
"234",NA,"","","NULL","","",NA,NA,NA,NA
"235",NA,"","","NULL","","",NA,NA,NA,NA
"236",NA,"","","NULL","","",NA,NA,NA,NA
"237",NA,"","","NULL","","",NA,NA,NA,NA
"238",NA,"","","NULL","","",NA,NA,NA,NA
"239",NA,"","","NULL","","",NA,NA,NA,NA
"240",NA,"","","NULL","","",NA,NA,NA,NA
"241",NA,"","","NULL","","",NA,NA,NA,NA
"242",NA,"","","NULL","","",NA,NA,NA,NA
"243",NA,"","","NULL","","",NA,NA,NA,NA
"244",NA,"","","NULL","","",NA,NA,NA,NA
"245",NA,"","","NULL","","",NA,NA,NA,NA
"246",NA,"","","NULL","","",NA,NA,NA,NA
"247",NA,"","","NULL","","",NA,NA,NA,NA
"248",NA,"","","NULL","","",NA,NA,NA,NA
"249",NA,"","","NULL","","",NA,NA,NA,NA
"250",NA,"","","NULL","","",NA,NA,NA,NA
"251",NA,"","","NULL","","",NA,NA,NA,NA
"252",NA,"","","NULL","","",NA,NA,NA,NA
"253",NA,"","","NULL","","",NA,NA,NA,NA
"254",NA,"","","NULL","","",NA,NA,NA,NA
"255",NA,"","","NULL","","",NA,NA,NA,NA
"256",NA,"","","NULL","","",NA,NA,NA,NA
"257",NA,"","","NULL","","",NA,NA,NA,NA
"258",NA,"","","NULL","","",NA,NA,NA,NA
"259",NA,"","","NULL","","",NA,NA,NA,NA
"260",NA,"","","NULL","","",NA,NA,NA,NA
"261",NA,"","","NULL","","",NA,NA,NA,NA
"262",NA,"","","NULL","","",NA,NA,NA,NA
"263",NA,"","","NULL","","",NA,NA,NA,NA
"264",NA,"","","NULL","","",NA,NA,NA,NA
"265",NA,"","","NULL","","",NA,NA,NA,NA
"266",NA,"","","NULL","","",NA,NA,NA,NA
"267",NA,"","","NULL","","",NA,NA,NA,NA
"268",NA,"","","NULL","","",NA,NA,NA,NA
"269",NA,"","","NULL","","",NA,NA,NA,NA
"270",NA,"","","NULL","","",NA,NA,NA,NA
"271",NA,"","","NULL","","",NA,NA,NA,NA
"272",NA,"","","NULL","","",NA,NA,NA,NA
"273",NA,"","","NULL","","",NA,NA,NA,NA
"274",NA,"","","NULL","","",NA,NA,NA,NA
"275",NA,"","","NULL","","",NA,NA,NA,NA
"276",NA,"","","NULL","","",NA,NA,NA,NA
"277",NA,"","","NULL","","",NA,NA,NA,NA
"278",NA,"","","NULL","","",NA,NA,NA,NA
"279",NA,"","","NULL","","",NA,NA,NA,NA
"280",NA,"","","NULL","","",NA,NA,NA,NA
"281",NA,"","","NULL","","",NA,NA,NA,NA
"282",NA,"","","NULL","","",NA,NA,NA,NA
"283",NA,"","","NULL","","",NA,NA,NA,NA
"284",NA,"","","NULL","","",NA,NA,NA,NA
"285",NA,"","","NULL","","",NA,NA,NA,NA
"286",NA,"","","NULL","","",NA,NA,NA,NA
"287",NA,"","","NULL","","",NA,NA,NA,NA
"288",NA,"","","NULL","","",NA,NA,NA,NA
"289",NA,"","","NULL","","",NA,NA,NA,NA
"290",NA,"","","NULL","","",NA,NA,NA,NA
"291",NA,"","","NULL","","",NA,NA,NA,NA
"292",NA,"","","NULL","","",NA,NA,NA,NA
"293",NA,"","","NULL","","",NA,NA,NA,NA
"294",NA,"","","NULL","","",NA,NA,NA,NA
"295",NA,"","","NULL","","",NA,NA,NA,NA
"296",NA,"","","NULL","","",NA,NA,NA,NA
"297",NA,"","","NULL","","",NA,NA,NA,NA
"298",NA,"","","NULL","","",NA,NA,NA,NA
"299",NA,"","","NULL","","",NA,NA,NA,NA
"300",NA,"","","NULL","","",NA,NA,NA,NA
"301",NA,"","","NULL","","",NA,NA,NA,NA
"302",NA,"","","NULL","","",NA,NA,NA,NA
"303",NA,"","","NULL","","",NA,NA,NA,NA
"304",NA,"","","NULL","","",NA,NA,NA,NA
"305",NA,"","","NULL","","",NA,NA,NA,NA
"306",NA,"","","NULL","","",NA,NA,NA,NA
"307",NA,"","","NULL","","",NA,NA,NA,NA
"308",NA,"","","NULL","","",NA,NA,NA,NA
"309",NA,"","","NULL","","",NA,NA,NA,NA
"310",NA,"","","NULL","","",NA,NA,NA,NA
"311",NA,"","","NULL","","",NA,NA,NA,NA
"312",NA,"","","NULL","","",NA,NA,NA,NA
"313",NA,"","","NULL","","",NA,NA,NA,NA
"314",NA,"","","NULL","","",NA,NA,NA,NA
"315",NA,"","","NULL","","",NA,NA,NA,NA
"316",NA,"","","NULL","","",NA,NA,NA,NA
"317",NA,"","","NULL","","",NA,NA,NA,NA
"318",NA,"","","NULL","","",NA,NA,NA,NA
"319",NA,"","","NULL","","",NA,NA,NA,NA
"320",NA,"","","NULL","","",NA,NA,NA,NA
"321",NA,"","","NULL","","",NA,NA,NA,NA
"322",NA,"","","NULL","","",NA,NA,NA,NA
"323",NA,"","","NULL","","",NA,NA,NA,NA
"324",NA,"","","NULL","","",NA,NA,NA,NA
"325",NA,"","","NULL","","",NA,NA,NA,NA
"326",NA,"","","NULL","","",NA,NA,NA,NA
"327",NA,"","","NULL","","",NA,NA,NA,NA
"328",NA,"","","NULL","","",NA,NA,NA,NA
"329",NA,"","","NULL","","",NA,NA,NA,NA
"330",NA,"","","NULL","","",NA,NA,NA,NA
"331",NA,"","","NULL","","",NA,NA,NA,NA
"332",NA,"","","NULL","","",NA,NA,NA,NA
"333",NA,"","","NULL","","",NA,NA,NA,NA
"334",NA,"","","NULL","","",NA,NA,NA,NA
"335",NA,"","","NULL","","",NA,NA,NA,NA
"336",NA,"","","NULL","","",NA,NA,NA,NA
"337",NA,"","","NULL","","",NA,NA,NA,NA
"338",NA,"","","NULL","","",NA,NA,NA,NA
"339",NA,"","","NULL","","",NA,NA,NA,NA
"340",NA,"","","NULL","","",NA,NA,NA,NA
"341",NA,"","","NULL","","",NA,NA,NA,NA
"342",NA,"","","NULL","","",NA,NA,NA,NA
"343",NA,"","","NULL","","",NA,NA,NA,NA
"344",NA,"","","NULL","","",NA,NA,NA,NA
"345",NA,"","","NULL","","",NA,NA,NA,NA
"346",NA,"","","NULL","","",NA,NA,NA,NA
"347",NA,"","","NULL","","",NA,NA,NA,NA
"348",NA,"","","NULL","","",NA,NA,NA,NA
"349",NA,"","","NULL","","",NA,NA,NA,NA
"350",NA,"","","NULL","","",NA,NA,NA,NA
"351",NA,"","","NULL","","",NA,NA,NA,NA
"352",NA,"","","NULL","","",NA,NA,NA,NA
"353",NA,"","","NULL","","",NA,NA,NA,NA
"354",NA,"","","NULL","","",NA,NA,NA,NA
"355",NA,"","","NULL","","",NA,NA,NA,NA
"356",NA,"","","NULL","","",NA,NA,NA,NA
"357",NA,"","","NULL","","",NA,NA,NA,NA
"358",NA,"","","NULL","","",NA,NA,NA,NA
"359",NA,"","","NULL","","",NA,NA,NA,NA
"360",NA,"","","NULL","","",NA,NA,NA,NA
"361",NA,"","","NULL","","",NA,NA,NA,NA
"362",NA,"","","NULL","","",NA,NA,NA,NA
"363",NA,"","","NULL","","",NA,NA,NA,NA
"364",NA,"","","NULL","","",NA,NA,NA,NA
"365",NA,"","","NULL","","",NA,NA,NA,NA
"366",NA,"","","NULL","","",NA,NA,NA,NA
"367",NA,"","","NULL","","",NA,NA,NA,NA
"368",NA,"","","NULL","","",NA,NA,NA,NA
"369",NA,"","","NULL","","",NA,NA,NA,NA
"370",NA,"","","NULL","","",NA,NA,NA,NA
"371",NA,"","","NULL","","",NA,NA,NA,NA
"372",NA,"","","NULL","","",NA,NA,NA,NA
"373",NA,"","","NULL","","",NA,NA,NA,NA
"374",NA,"","","NULL","","",NA,NA,NA,NA
"375",NA,"","","NULL","","",NA,NA,NA,NA
"376",NA,"","","NULL","","",NA,NA,NA,NA
"377",NA,"","","NULL","","",NA,NA,NA,NA
"378",NA,"","","NULL","","",NA,NA,NA,NA
"379",NA,"","","NULL","","",NA,NA,NA,NA
"380",NA,"","","NULL","","",NA,NA,NA,NA
"381",NA,"","","NULL","","",NA,NA,NA,NA
"382",NA,"","","NULL","","",NA,NA,NA,NA
"383",NA,"","","NULL","","",NA,NA,NA,NA
"384",NA,"","","NULL","","",NA,NA,NA,NA
"385",NA,"","","NULL","","",NA,NA,NA,NA
"386",NA,"","","NULL","","",NA,NA,NA,NA
"387",NA,"","","NULL","","",NA,NA,NA,NA
"388",NA,"","","NULL","","",NA,NA,NA,NA
"389",NA,"","","NULL","","",NA,NA,NA,NA
"390",NA,"","","NULL","","",NA,NA,NA,NA
"391",NA,"","","NULL","","",NA,NA,NA,NA
"392",NA,"","","NULL","","",NA,NA,NA,NA
"393",NA,"","","NULL","","",NA,NA,NA,NA
"394",NA,"","","NULL","","",NA,NA,NA,NA
"395",NA,"","","NULL","","",NA,NA,NA,NA
"396",NA,"","","NULL","","",NA,NA,NA,NA
"397",NA,"","","NULL","","",NA,NA,NA,NA
"398",NA,"","","NULL","","",NA,NA,NA,NA
"399",NA,"","","NULL","","",NA,NA,NA,NA
"400",NA,"","","NULL","","",NA,NA,NA,NA
"401",NA,"","","NULL","","",NA,NA,NA,NA
"402",NA,"","","NULL","","",NA,NA,NA,NA
"403",NA,"","","NULL","","",NA,NA,NA,NA
"404",NA,"","","NULL","","",NA,NA,NA,NA
"405",NA,"","","NULL","","",NA,NA,NA,NA
"406",NA,"","","NULL","","",NA,NA,NA,NA
"407",NA,"","","NULL","","",NA,NA,NA,NA
"408",NA,"","","NULL","","",NA,NA,NA,NA
"409",NA,"","","NULL","","",NA,NA,NA,NA
"410",NA,"","","NULL","","",NA,NA,NA,NA
"411",NA,"","","NULL","","",NA,NA,NA,NA
"412",NA,"","","NULL","","",NA,NA,NA,NA
"413",NA,"","","NULL","","",NA,NA,NA,NA
"414",NA,"","","NULL","","",NA,NA,NA,NA
"415",NA,"","","NULL","","",NA,NA,NA,NA
"416",NA,"","","NULL","","",NA,NA,NA,NA
"417",NA,"","","NULL","","",NA,NA,NA,NA
"418",NA,"","","NULL","","",NA,NA,NA,NA
"419",NA,"","","NULL","","",NA,NA,NA,NA
"420",NA,"","","NULL","","",NA,NA,NA,NA
"421",NA,"","","NULL","","",NA,NA,NA,NA
"422",NA,"","","NULL","","",NA,NA,NA,NA
"423",NA,"","","NULL","","",NA,NA,NA,NA
"424",NA,"","","NULL","","",NA,NA,NA,NA
"425",NA,"","","NULL","","",NA,NA,NA,NA
"426",NA,"","","NULL","","",NA,NA,NA,NA
"427",NA,"","","NULL","","",NA,NA,NA,NA
"428",NA,"","","NULL","","",NA,NA,NA,NA
"429",NA,"","","NULL","","",NA,NA,NA,NA
"430",NA,"","","NULL","","",NA,NA,NA,NA
"431",NA,"","","NULL","","",NA,NA,NA,NA
"432",NA,"","","NULL","","",NA,NA,NA,NA
"433",NA,"","","NULL","","",NA,NA,NA,NA
"434",NA,"","","NULL","","",NA,NA,NA,NA
"435",NA,"","","NULL","","",NA,NA,NA,NA
"436",NA,"","","NULL","","",NA,NA,NA,NA
"437",NA,"","","NULL","","",NA,NA,NA,NA
"438",NA,"","","NULL","","",NA,NA,NA,NA
"439",NA,"","","NULL","","",NA,NA,NA,NA
"440",NA,"","","NULL","","",NA,NA,NA,NA
"441",NA,"","","NULL","","",NA,NA,NA,NA
"442",NA,"","","NULL","","",NA,NA,NA,NA
"443",NA,"","","NULL","","",NA,NA,NA,NA
"444",NA,"","","NULL","","",NA,NA,NA,NA
"445",NA,"","","NULL","","",NA,NA,NA,NA
"446",NA,"","","NULL","","",NA,NA,NA,NA
"447",NA,"","","NULL","","",NA,NA,NA,NA
"448",NA,"","","NULL","","",NA,NA,NA,NA
"449",NA,"","","NULL","","",NA,NA,NA,NA
"450",NA,"","","NULL","","",NA,NA,NA,NA
"451",NA,"","","NULL","","",NA,NA,NA,NA
"452",NA,"","","NULL","","",NA,NA,NA,NA
"453",NA,"","","NULL","","",NA,NA,NA,NA
"454",NA,"","","NULL","","",NA,NA,NA,NA
"455",NA,"","","NULL","","",NA,NA,NA,NA
"456",NA,"","","NULL","","",NA,NA,NA,NA
"457",NA,"","","NULL","","",NA,NA,NA,NA
"458",NA,"","","NULL","","",NA,NA,NA,NA
"459",NA,"","","NULL","","",NA,NA,NA,NA
"460",NA,"","","NULL","","",NA,NA,NA,NA
"461",NA,"","","NULL","","",NA,NA,NA,NA
"462",NA,"","","NULL","","",NA,NA,NA,NA
"463",NA,"","","NULL","","",NA,NA,NA,NA
"464",NA,"","","NULL","","",NA,NA,NA,NA
"465",NA,"","","NULL","","",NA,NA,NA,NA
"466",NA,"","","NULL","","",NA,NA,NA,NA
"467",NA,"","","NULL","","",NA,NA,NA,NA
"468",NA,"","","NULL","","",NA,NA,NA,NA
"469",NA,"","","NULL","","",NA,NA,NA,NA
"470",NA,"","","NULL","","",NA,NA,NA,NA
"471",NA,"","","NULL","","",NA,NA,NA,NA
"472",NA,"","","NULL","","",NA,NA,NA,NA
"473",NA,"","","NULL","","",NA,NA,NA,NA
"474",NA,"","","NULL","","",NA,NA,NA,NA
"475",NA,"","","NULL","","",NA,NA,NA,NA
"476",NA,"","","NULL","","",NA,NA,NA,NA
"477",NA,"","","NULL","","",NA,NA,NA,NA
"478",NA,"","","NULL","","",NA,NA,NA,NA
"479",NA,"","","NULL","","",NA,NA,NA,NA
"480",NA,"","","NULL","","",NA,NA,NA,NA
"481",NA,"","","NULL","","",NA,NA,NA,NA
"482",NA,"","","NULL","","",NA,NA,NA,NA
"483",NA,"","","NULL","","",NA,NA,NA,NA
"484",NA,"","","NULL","","",NA,NA,NA,NA
"485",NA,"","","NULL","","",NA,NA,NA,NA
"486",NA,"","","NULL","","",NA,NA,NA,NA
"487",NA,"","","NULL","","",NA,NA,NA,NA
"488",NA,"","","NULL","","",NA,NA,NA,NA
"489",NA,"","","NULL","","",NA,NA,NA,NA
"490",NA,"","","NULL","","",NA,NA,NA,NA
"491",NA,"","","NULL","","",NA,NA,NA,NA
"492",NA,"","","NULL","","",NA,NA,NA,NA
"493",NA,"","","NULL","","",NA,NA,NA,NA
"494",NA,"","","NULL","","",NA,NA,NA,NA
"495",NA,"","","NULL","","",NA,NA,NA,NA
"496",NA,"","","NULL","","",NA,NA,NA,NA
"497",NA,"","","NULL","","",NA,NA,NA,NA
"498",NA,"","","NULL","","",NA,NA,NA,NA
"499",NA,"","","NULL","","",NA,NA,NA,NA
"500",NA,"","","NULL","","",NA,NA,NA,NA
"501",NA,"","","NULL","","",NA,NA,NA,NA
"502",NA,"","","NULL","","",NA,NA,NA,NA
"503",NA,"","","NULL","","",NA,NA,NA,NA
"504",NA,"","","NULL","","",NA,NA,NA,NA
"505",NA,"","","NULL","","",NA,NA,NA,NA
"506",NA,"","","NULL","","",NA,NA,NA,NA
"507",NA,"","","NULL","","",NA,NA,NA,NA
"508",NA,"","","NULL","","",NA,NA,NA,NA
"509",NA,"","","NULL","","",NA,NA,NA,NA
"510",NA,"","","NULL","","",NA,NA,NA,NA
"511",NA,"","","NULL","","",NA,NA,NA,NA
"512",NA,"","","NULL","","",NA,NA,NA,NA
"513",NA,"","","NULL","","",NA,NA,NA,NA
"514",NA,"","","NULL","","",NA,NA,NA,NA
"515",NA,"","","NULL","","",NA,NA,NA,NA
"516",NA,"","","NULL","","",NA,NA,NA,NA
"517",NA,"","","NULL","","",NA,NA,NA,NA
"518",NA,"","","NULL","","",NA,NA,NA,NA
"519",NA,"","","NULL","","",NA,NA,NA,NA
"520",NA,"","","NULL","","",NA,NA,NA,NA
"521",NA,"","","NULL","","",NA,NA,NA,NA
"522",NA,"","","NULL","","",NA,NA,NA,NA
"523",NA,"","","NULL","","",NA,NA,NA,NA
"524",NA,"","","NULL","","",NA,NA,NA,NA
"525",NA,"","","NULL","","",NA,NA,NA,NA
"526",NA,"","","NULL","","",NA,NA,NA,NA
"527",NA,"","","NULL","","",NA,NA,NA,NA
"528",NA,"","","NULL","","",NA,NA,NA,NA
"529",NA,"","","NULL","","",NA,NA,NA,NA
"530",NA,"","","NULL","","",NA,NA,NA,NA
"531",NA,"","","NULL","","",NA,NA,NA,NA
"532",NA,"","","NULL","","",NA,NA,NA,NA
"533",NA,"","","NULL","","",NA,NA,NA,NA
"534",NA,"","","NULL","","",NA,NA,NA,NA
"535",NA,"","","NULL","","",NA,NA,NA,NA
"536",NA,"","","NULL","","",NA,NA,NA,NA
"537",NA,"","","NULL","","",NA,NA,NA,NA
"538",NA,"","","NULL","","",NA,NA,NA,NA
"539",NA,"","","NULL","","",NA,NA,NA,NA
"540",NA,"","","NULL","","",NA,NA,NA,NA
"541",NA,"","","NULL","","",NA,NA,NA,NA
"542",NA,"","","NULL","","",NA,NA,NA,NA
"543",NA,"","","NULL","","",NA,NA,NA,NA
"544",NA,"","","NULL","","",NA,NA,NA,NA
"545",NA,"","","NULL","","",NA,NA,NA,NA
"546",NA,"","","NULL","","",NA,NA,NA,NA
"547",NA,"","","NULL","","",NA,NA,NA,NA
"548",NA,"","","NULL","","",NA,NA,NA,NA
"549",NA,"","","NULL","","",NA,NA,NA,NA
"550",NA,"","","NULL","","",NA,NA,NA,NA
"551",NA,"","","NULL","","",NA,NA,NA,NA
"552",NA,"","","NULL","","",NA,NA,NA,NA
"553",NA,"","","NULL","","",NA,NA,NA,NA
"554",NA,"","","NULL","","",NA,NA,NA,NA
"555",NA,"","","NULL","","",NA,NA,NA,NA
"556",NA,"","","NULL","","",NA,NA,NA,NA
"557",NA,"","","NULL","","",NA,NA,NA,NA
"558",NA,"","","NULL","","",NA,NA,NA,NA
"559",NA,"","","NULL","","",NA,NA,NA,NA
"560",NA,"","","NULL","","",NA,NA,NA,NA
"561",NA,"","","NULL","","",NA,NA,NA,NA
"562",NA,"","","NULL","","",NA,NA,NA,NA
"563",NA,"","","NULL","","",NA,NA,NA,NA
"564",NA,"","","NULL","","",NA,NA,NA,NA
"565",NA,"","","NULL","","",NA,NA,NA,NA
"566",NA,"","","NULL","","",NA,NA,NA,NA
"567",NA,"","","NULL","","",NA,NA,NA,NA
"568",NA,"","","NULL","","",NA,NA,NA,NA
"569",NA,"","","NULL","","",NA,NA,NA,NA
"570",NA,"","","NULL","","",NA,NA,NA,NA
"571",NA,"","","NULL","","",NA,NA,NA,NA
"572",NA,"","","NULL","","",NA,NA,NA,NA
"573",NA,"","","NULL","","",NA,NA,NA,NA
"574",NA,"","","NULL","","",NA,NA,NA,NA
"575",NA,"","","NULL","","",NA,NA,NA,NA
"576",NA,"","","NULL","","",NA,NA,NA,NA
"577",NA,"","","NULL","","",NA,NA,NA,NA
"578",NA,"","","NULL","","",NA,NA,NA,NA
"579",NA,"","","NULL","","",NA,NA,NA,NA
"580",NA,"","","NULL","","",NA,NA,NA,NA
"581",NA,"","","NULL","","",NA,NA,NA,NA
"582",NA,"","","NULL","","",NA,NA,NA,NA
"583",NA,"","","NULL","","",NA,NA,NA,NA
"584",NA,"","","NULL","","",NA,NA,NA,NA
"585",NA,"","","NULL","","",NA,NA,NA,NA
"586",NA,"","","NULL","","",NA,NA,NA,NA
"587",NA,"","","NULL","","",NA,NA,NA,NA
"588",NA,"","","NULL","","",NA,NA,NA,NA
"589",NA,"","","NULL","","",NA,NA,NA,NA
"590",NA,"","","NULL","","",NA,NA,NA,NA
"591",NA,"","","NULL","","",NA,NA,NA,NA
"592",NA,"","","NULL","","",NA,NA,NA,NA
"593",NA,"","","NULL","","",NA,NA,NA,NA
"594",NA,"","","NULL","","",NA,NA,NA,NA
"595",NA,"","","NULL","","",NA,NA,NA,NA
"596",NA,"","","NULL","","",NA,NA,NA,NA
"597",NA,"","","NULL","","",NA,NA,NA,NA
"598",NA,"","","NULL","","",NA,NA,NA,NA
"599",NA,"","","NULL","","",NA,NA,NA,NA
"600",NA,"","","NULL","","",NA,NA,NA,NA
"601",NA,"","","NULL","","",NA,NA,NA,NA
"602",NA,"","","NULL","","",NA,NA,NA,NA
"603",NA,"","","NULL","","",NA,NA,NA,NA
"604",NA,"","","NULL","","",NA,NA,NA,NA
"605",NA,"","","NULL","","",NA,NA,NA,NA
"606",NA,"","","NULL","","",NA,NA,NA,NA
"607",NA,"","","NULL","","",NA,NA,NA,NA
"608",NA,"","","NULL","","",NA,NA,NA,NA
"609",NA,"","","NULL","","",NA,NA,NA,NA
"610",NA,"","","NULL","","",NA,NA,NA,NA
"611",NA,"","","NULL","","",NA,NA,NA,NA
"612",NA,"","","NULL","","",NA,NA,NA,NA
"613",NA,"","","NULL","","",NA,NA,NA,NA
"614",NA,"","","NULL","","",NA,NA,NA,NA
"615",NA,"","","NULL","","",NA,NA,NA,NA
"616",NA,"","","NULL","","",NA,NA,NA,NA
"617",NA,"","","NULL","","",NA,NA,NA,NA
"618",NA,"","","NULL","","",NA,NA,NA,NA
"619",NA,"","","NULL","","",NA,NA,NA,NA
"620",NA,"","","NULL","","",NA,NA,NA,NA
"621",NA,"","","NULL","","",NA,NA,NA,NA
"622",NA,"","","NULL","","",NA,NA,NA,NA
"623",NA,"","","NULL","","",NA,NA,NA,NA
"624",NA,"","","NULL","","",NA,NA,NA,NA
"625",NA,"","","NULL","","",NA,NA,NA,NA
"626",NA,"","","NULL","","",NA,NA,NA,NA
"627",NA,"","","NULL","","",NA,NA,NA,NA
"628",NA,"","","NULL","","",NA,NA,NA,NA
"629",NA,"","","NULL","","",NA,NA,NA,NA
"630",NA,"","","NULL","","",NA,NA,NA,NA
"631",NA,"","","NULL","","",NA,NA,NA,NA
"632",NA,"","","NULL","","",NA,NA,NA,NA
"633",NA,"","","NULL","","",NA,NA,NA,NA
"634",NA,"","","NULL","","",NA,NA,NA,NA
"635",NA,"","","NULL","","",NA,NA,NA,NA
"636",NA,"","","NULL","","",NA,NA,NA,NA
"637",NA,"","","NULL","","",NA,NA,NA,NA
"638",NA,"","","NULL","","",NA,NA,NA,NA
"639",NA,"","","NULL","","",NA,NA,NA,NA
"640",NA,"","","NULL","","",NA,NA,NA,NA
"641",NA,"","","NULL","","",NA,NA,NA,NA
"642",NA,"","","NULL","","",NA,NA,NA,NA
"643",NA,"","","NULL","","",NA,NA,NA,NA
"644",NA,"","","NULL","","",NA,NA,NA,NA
"645",NA,"","","NULL","","",NA,NA,NA,NA
"646",NA,"","","NULL","","",NA,NA,NA,NA
"647",NA,"","","NULL","","",NA,NA,NA,NA
"648",NA,"","","NULL","","",NA,NA,NA,NA
"649",NA,"","","NULL","","",NA,NA,NA,NA
"650",NA,"","","NULL","","",NA,NA,NA,NA
"651",NA,"","","NULL","","",NA,NA,NA,NA
"652",NA,"","","NULL","","",NA,NA,NA,NA
"653",NA,"","","NULL","","",NA,NA,NA,NA
"654",NA,"","","NULL","","",NA,NA,NA,NA
"655",NA,"","","NULL","","",NA,NA,NA,NA
"656",NA,"","","NULL","","",NA,NA,NA,NA
"657",NA,"","","NULL","","",NA,NA,NA,NA
"658",NA,"","","NULL","","",NA,NA,NA,NA
"659",NA,"","","NULL","","",NA,NA,NA,NA
"660",NA,"","","NULL","","",NA,NA,NA,NA
"661",NA,"","","NULL","","",NA,NA,NA,NA
"662",NA,"","","NULL","","",NA,NA,NA,NA
"663",NA,"","","NULL","","",NA,NA,NA,NA
"664",NA,"","","NULL","","",NA,NA,NA,NA
"665",NA,"","","NULL","","",NA,NA,NA,NA
"666",NA,"","","NULL","","",NA,NA,NA,NA
"667",NA,"","","NULL","","",NA,NA,NA,NA
"668",NA,"","","NULL","","",NA,NA,NA,NA
"669",NA,"","","NULL","","",NA,NA,NA,NA
"670",NA,"","","NULL","","",NA,NA,NA,NA
"671",NA,"","","NULL","","",NA,NA,NA,NA
"672",NA,"","","NULL","","",NA,NA,NA,NA
"673",NA,"","","NULL","","",NA,NA,NA,NA
"674",NA,"","","NULL","","",NA,NA,NA,NA
"675",NA,"","","NULL","","",NA,NA,NA,NA
"676",NA,"","","NULL","","",NA,NA,NA,NA
"677",NA,"","","NULL","","",NA,NA,NA,NA
"678",NA,"","","NULL","","",NA,NA,NA,NA
"679",NA,"","","NULL","","",NA,NA,NA,NA
"680",NA,"","","NULL","","",NA,NA,NA,NA
"681",NA,"","","NULL","","",NA,NA,NA,NA
"682",NA,"","","NULL","","",NA,NA,NA,NA
"683",NA,"","","NULL","","",NA,NA,NA,NA
"684",NA,"","","NULL","","",NA,NA,NA,NA
"685",NA,"","","NULL","","",NA,NA,NA,NA
"686",NA,"","","NULL","","",NA,NA,NA,NA
"687",NA,"","","NULL","","",NA,NA,NA,NA
"688",NA,"","","NULL","","",NA,NA,NA,NA
"689",NA,"","","NULL","","",NA,NA,NA,NA
"690",NA,"","","NULL","","",NA,NA,NA,NA
"691",NA,"","","NULL","","",NA,NA,NA,NA
"692",NA,"","","NULL","","",NA,NA,NA,NA
"693",NA,"","","NULL","","",NA,NA,NA,NA
"694",NA,"","","NULL","","",NA,NA,NA,NA
"695",NA,"","","NULL","","",NA,NA,NA,NA
"696",NA,"","","NULL","","",NA,NA,NA,NA
"697",NA,"","","NULL","","",NA,NA,NA,NA
"698",NA,"","","NULL","","",NA,NA,NA,NA
"699",NA,"","","NULL","","",NA,NA,NA,NA
"700",NA,"","","NULL","","",NA,NA,NA,NA
"701",NA,"","","NULL","","",NA,NA,NA,NA
"702",NA,"","","NULL","","",NA,NA,NA,NA
"703",NA,"","","NULL","","",NA,NA,NA,NA
"704",NA,"","","NULL","","",NA,NA,NA,NA
"705",NA,"","","NULL","","",NA,NA,NA,NA
"706",NA,"","","NULL","","",NA,NA,NA,NA
"707",NA,"","","NULL","","",NA,NA,NA,NA
"708",NA,"","","NULL","","",NA,NA,NA,NA
"709",NA,"","","NULL","","",NA,NA,NA,NA
"710",NA,"","","NULL","","",NA,NA,NA,NA
"711",NA,"","","NULL","","",NA,NA,NA,NA
"712",NA,"","","NULL","","",NA,NA,NA,NA
"713",NA,"","","NULL","","",NA,NA,NA,NA
"714",NA,"","","NULL","","",NA,NA,NA,NA
"715",NA,"","","NULL","","",NA,NA,NA,NA
"716",NA,"","","NULL","","",NA,NA,NA,NA
"717",NA,"","","NULL","","",NA,NA,NA,NA
"718",NA,"","","NULL","","",NA,NA,NA,NA
"719",NA,"","","NULL","","",NA,NA,NA,NA
"720",NA,"","","NULL","","",NA,NA,NA,NA
"721",NA,"","","NULL","","",NA,NA,NA,NA
"722",NA,"","","NULL","","",NA,NA,NA,NA
"723",NA,"","","NULL","","",NA,NA,NA,NA
"724",NA,"","","NULL","","",NA,NA,NA,NA
"725",NA,"","","NULL","","",NA,NA,NA,NA
"726",NA,"","","NULL","","",NA,NA,NA,NA
"727",NA,"","","NULL","","",NA,NA,NA,NA
"728",NA,"","","NULL","","",NA,NA,NA,NA
"729",NA,"","","NULL","","",NA,NA,NA,NA
"730",NA,"","","NULL","","",NA,NA,NA,NA
"731",NA,"","","NULL","","",NA,NA,NA,NA
"732",NA,"","","NULL","","",NA,NA,NA,NA
"733",NA,"","","NULL","","",NA,NA,NA,NA
"734",NA,"","","NULL","","",NA,NA,NA,NA
"735",NA,"","","NULL","","",NA,NA,NA,NA
"736",NA,"","","NULL","","",NA,NA,NA,NA
"737",NA,"","","NULL","","",NA,NA,NA,NA
"738",NA,"","","NULL","","",NA,NA,NA,NA
"739",NA,"","","NULL","","",NA,NA,NA,NA
"740",NA,"","","NULL","","",NA,NA,NA,NA
"741",NA,"","","NULL","","",NA,NA,NA,NA
"742",NA,"","","NULL","","",NA,NA,NA,NA
"743",NA,"","","NULL","","",NA,NA,NA,NA
"744",NA,"","","NULL","","",NA,NA,NA,NA
"745",NA,"","","NULL","","",NA,NA,NA,NA
"746",NA,"","","NULL","","",NA,NA,NA,NA
"747",NA,"","","NULL","","",NA,NA,NA,NA
"748",NA,"","","NULL","","",NA,NA,NA,NA
"749",NA,"","","NULL","","",NA,NA,NA,NA
"750",NA,"","","NULL","","",NA,NA,NA,NA
"751",NA,"","","NULL","","",NA,NA,NA,NA
"752",NA,"","","NULL","","",NA,NA,NA,NA
"753",NA,"","","NULL","","",NA,NA,NA,NA
"754",NA,"","","NULL","","",NA,NA,NA,NA
"755",NA,"","","NULL","","",NA,NA,NA,NA
"756",NA,"","","NULL","","",NA,NA,NA,NA
"757",NA,"","","NULL","","",NA,NA,NA,NA
"758",NA,"","","NULL","","",NA,NA,NA,NA
"759",NA,"","","NULL","","",NA,NA,NA,NA
"760",NA,"","","NULL","","",NA,NA,NA,NA
"761",NA,"","","NULL","","",NA,NA,NA,NA
"762",NA,"","","NULL","","",NA,NA,NA,NA
"763",NA,"","","NULL","","",NA,NA,NA,NA
"764",NA,"","","NULL","","",NA,NA,NA,NA
"765",NA,"","","NULL","","",NA,NA,NA,NA
"766",NA,"","","NULL","","",NA,NA,NA,NA
"767",NA,"","","NULL","","",NA,NA,NA,NA
"768",NA,"","","NULL","","",NA,NA,NA,NA
"769",NA,"","","NULL","","",NA,NA,NA,NA
"770",NA,"","","NULL","","",NA,NA,NA,NA
"771",NA,"","","NULL","","",NA,NA,NA,NA
"772",NA,"","","NULL","","",NA,NA,NA,NA
"773",NA,"","","NULL","","",NA,NA,NA,NA
"774",NA,"","","NULL","","",NA,NA,NA,NA
"775",NA,"","","NULL","","",NA,NA,NA,NA
"776",NA,"","","NULL","","",NA,NA,NA,NA
"777",NA,"","","NULL","","",NA,NA,NA,NA
"778",NA,"","","NULL","","",NA,NA,NA,NA
"779",NA,"","","NULL","","",NA,NA,NA,NA
"780",NA,"","","NULL","","",NA,NA,NA,NA
"781",NA,"","","NULL","","",NA,NA,NA,NA
"782",NA,"","","NULL","","",NA,NA,NA,NA
"783",NA,"","","NULL","","",NA,NA,NA,NA
"784",NA,"","","NULL","","",NA,NA,NA,NA
"785",NA,"","","NULL","","",NA,NA,NA,NA
"786",NA,"","","NULL","","",NA,NA,NA,NA
"787",NA,"","","NULL","","",NA,NA,NA,NA
"788",NA,"","","NULL","","",NA,NA,NA,NA
"789",NA,"","","NULL","","",NA,NA,NA,NA
"790",NA,"","","NULL","","",NA,NA,NA,NA
"791",NA,"","","NULL","","",NA,NA,NA,NA
"792",NA,"","","NULL","","",NA,NA,NA,NA
"793",NA,"","","NULL","","",NA,NA,NA,NA
"794",NA,"","","NULL","","",NA,NA,NA,NA
"795",NA,"","","NULL","","",NA,NA,NA,NA
"796",NA,"","","NULL","","",NA,NA,NA,NA
"797",NA,"","","NULL","","",NA,NA,NA,NA
"798",NA,"","","NULL","","",NA,NA,NA,NA
"799",NA,"","","NULL","","",NA,NA,NA,NA
"800",NA,"","","NULL","","",NA,NA,NA,NA
"801",NA,"","","NULL","","",NA,NA,NA,NA
"802",NA,"","","NULL","","",NA,NA,NA,NA
"803",NA,"","","NULL","","",NA,NA,NA,NA
"804",NA,"","","NULL","","",NA,NA,NA,NA
"805",NA,"","","NULL","","",NA,NA,NA,NA
"806",NA,"","","NULL","","",NA,NA,NA,NA
"807",NA,"","","NULL","","",NA,NA,NA,NA
"808",NA,"","","NULL","","",NA,NA,NA,NA
"809",NA,"","","NULL","","",NA,NA,NA,NA
"810",NA,"","","NULL","","",NA,NA,NA,NA
"811",NA,"","","NULL","","",NA,NA,NA,NA
"812",NA,"","","NULL","","",NA,NA,NA,NA
"813",NA,"","","NULL","","",NA,NA,NA,NA
"814",NA,"","","NULL","","",NA,NA,NA,NA
"815",NA,"","","NULL","","",NA,NA,NA,NA
"816",NA,"","","NULL","","",NA,NA,NA,NA
"817",NA,"","","NULL","","",NA,NA,NA,NA
"818",NA,"","","NULL","","",NA,NA,NA,NA
"819",NA,"","","NULL","","",NA,NA,NA,NA
"820",NA,"","","NULL","","",NA,NA,NA,NA
"821",NA,"","","NULL","","",NA,NA,NA,NA
"822",NA,"","","NULL","","",NA,NA,NA,NA
"823",NA,"","","NULL","","",NA,NA,NA,NA
"824",NA,"","","NULL","","",NA,NA,NA,NA
"825",NA,"","","NULL","","",NA,NA,NA,NA
"826",NA,"","","NULL","","",NA,NA,NA,NA
"827",NA,"","","NULL","","",NA,NA,NA,NA
"828",NA,"","","NULL","","",NA,NA,NA,NA
"829",NA,"","","NULL","","",NA,NA,NA,NA
"830",NA,"","","NULL","","",NA,NA,NA,NA
"831",NA,"","","NULL","","",NA,NA,NA,NA
"832",NA,"","","NULL","","",NA,NA,NA,NA
"833",NA,"","","NULL","","",NA,NA,NA,NA
"834",NA,"","","NULL","","",NA,NA,NA,NA
"835",NA,"","","NULL","","",NA,NA,NA,NA
"836",NA,"","","NULL","","",NA,NA,NA,NA
"837",NA,"","","NULL","","",NA,NA,NA,NA
"838",NA,"","","NULL","","",NA,NA,NA,NA
"839",NA,"","","NULL","","",NA,NA,NA,NA
"840",NA,"","","NULL","","",NA,NA,NA,NA
"841",NA,"","","NULL","","",NA,NA,NA,NA
"842",NA,"","","NULL","","",NA,NA,NA,NA
"843",NA,"","","NULL","","",NA,NA,NA,NA
"844",NA,"","","NULL","","",NA,NA,NA,NA
"845",NA,"","","NULL","","",NA,NA,NA,NA
"846",NA,"","","NULL","","",NA,NA,NA,NA
"847",NA,"","","NULL","","",NA,NA,NA,NA
"848",NA,"","","NULL","","",NA,NA,NA,NA
"849",NA,"","","NULL","","",NA,NA,NA,NA
"850",NA,"","","NULL","","",NA,NA,NA,NA
"851",NA,"","","NULL","","",NA,NA,NA,NA
"852",NA,"","","NULL","","",NA,NA,NA,NA
"853",NA,"","","NULL","","",NA,NA,NA,NA
"854",NA,"","","NULL","","",NA,NA,NA,NA
"855",NA,"","","NULL","","",NA,NA,NA,NA
"856",NA,"","","NULL","","",NA,NA,NA,NA
"857",NA,"","","NULL","","",NA,NA,NA,NA
"858",NA,"","","NULL","","",NA,NA,NA,NA
"859",NA,"","","NULL","","",NA,NA,NA,NA
"860",NA,"","","NULL","","",NA,NA,NA,NA
"861",NA,"","","NULL","","",NA,NA,NA,NA
"862",NA,"","","NULL","","",NA,NA,NA,NA
"863",NA,"","","NULL","","",NA,NA,NA,NA
"864",NA,"","","NULL","","",NA,NA,NA,NA
"865",NA,"","","NULL","","",NA,NA,NA,NA
"866",NA,"","","NULL","","",NA,NA,NA,NA
"867",NA,"","","NULL","","",NA,NA,NA,NA
"868",NA,"","","NULL","","",NA,NA,NA,NA
"869",NA,"","","NULL","","",NA,NA,NA,NA
"870",NA,"","","NULL","","",NA,NA,NA,NA
"871",NA,"","","NULL","","",NA,NA,NA,NA
"872",NA,"","","NULL","","",NA,NA,NA,NA
"873",NA,"","","NULL","","",NA,NA,NA,NA
"874",NA,"","","NULL","","",NA,NA,NA,NA
"875",NA,"","","NULL","","",NA,NA,NA,NA
"876",NA,"","","NULL","","",NA,NA,NA,NA
"877",NA,"","","NULL","","",NA,NA,NA,NA
"878",NA,"","","NULL","","",NA,NA,NA,NA
"879",NA,"","","NULL","","",NA,NA,NA,NA
"880",NA,"","","NULL","","",NA,NA,NA,NA
"881",NA,"","","NULL","","",NA,NA,NA,NA
"882",NA,"","","NULL","","",NA,NA,NA,NA
"883",NA,"","","NULL","","",NA,NA,NA,NA
"884",NA,"","","NULL","","",NA,NA,NA,NA
"885",NA,"","","NULL","","",NA,NA,NA,NA
"886",NA,"","","NULL","","",NA,NA,NA,NA
"887",NA,"","","NULL","","",NA,NA,NA,NA
"888",NA,"","","NULL","","",NA,NA,NA,NA
"889",NA,"","","NULL","","",NA,NA,NA,NA
"890",NA,"","","NULL","","",NA,NA,NA,NA
"891",NA,"","","NULL","","",NA,NA,NA,NA
"892",NA,"","","NULL","","",NA,NA,NA,NA
"893",NA,"","","NULL","","",NA,NA,NA,NA
"894",NA,"","","NULL","","",NA,NA,NA,NA
"895",NA,"","","NULL","","",NA,NA,NA,NA
"896",NA,"","","NULL","","",NA,NA,NA,NA
"897",NA,"","","NULL","","",NA,NA,NA,NA
"898",NA,"","","NULL","","",NA,NA,NA,NA
"899",NA,"","","NULL","","",NA,NA,NA,NA
"900",NA,"","","NULL","","",NA,NA,NA,NA
"901",NA,"","","NULL","","",NA,NA,NA,NA
"902",NA,"","","NULL","","",NA,NA,NA,NA
"903",NA,"","","NULL","","",NA,NA,NA,NA
"904",NA,"","","NULL","","",NA,NA,NA,NA
"905",NA,"","","NULL","","",NA,NA,NA,NA
"906",NA,"","","NULL","","",NA,NA,NA,NA
"907",NA,"","","NULL","","",NA,NA,NA,NA
"908",NA,"","","NULL","","",NA,NA,NA,NA
"909",NA,"","","NULL","","",NA,NA,NA,NA
"910",NA,"","","NULL","","",NA,NA,NA,NA
"911",NA,"","","NULL","","",NA,NA,NA,NA
"912",NA,"","","NULL","","",NA,NA,NA,NA
"913",NA,"","","NULL","","",NA,NA,NA,NA
"914",NA,"","","NULL","","",NA,NA,NA,NA
"915",NA,"","","NULL","","",NA,NA,NA,NA
"916",NA,"","","NULL","","",NA,NA,NA,NA
"917",NA,"","","NULL","","",NA,NA,NA,NA
"918",NA,"","","NULL","","",NA,NA,NA,NA
"919",NA,"","","NULL","","",NA,NA,NA,NA
"920",NA,"","","NULL","","",NA,NA,NA,NA
"921",NA,"","","NULL","","",NA,NA,NA,NA
"922",NA,"","","NULL","","",NA,NA,NA,NA
"923",NA,"","","NULL","","",NA,NA,NA,NA
"924",NA,"","","NULL","","",NA,NA,NA,NA
"925",NA,"","","NULL","","",NA,NA,NA,NA
"926",NA,"","","NULL","","",NA,NA,NA,NA
"927",NA,"","","NULL","","",NA,NA,NA,NA
"928",NA,"","","NULL","","",NA,NA,NA,NA
"929",NA,"","","NULL","","",NA,NA,NA,NA
"930",NA,"","","NULL","","",NA,NA,NA,NA
"931",NA,"","","NULL","","",NA,NA,NA,NA
"932",NA,"","","NULL","","",NA,NA,NA,NA
"933",NA,"","","NULL","","",NA,NA,NA,NA
"934",NA,"","","NULL","","",NA,NA,NA,NA
"935",NA,"","","NULL","","",NA,NA,NA,NA
"936",NA,"","","NULL","","",NA,NA,NA,NA
"937",NA,"","","NULL","","",NA,NA,NA,NA
"938",NA,"","","NULL","","",NA,NA,NA,NA
"939",NA,"","","NULL","","",NA,NA,NA,NA
"940",NA,"","","NULL","","",NA,NA,NA,NA
"941",NA,"","","NULL","","",NA,NA,NA,NA
"942",NA,"","","NULL","","",NA,NA,NA,NA
"943",NA,"","","NULL","","",NA,NA,NA,NA
"944",NA,"","","NULL","","",NA,NA,NA,NA
"945",NA,"","","NULL","","",NA,NA,NA,NA
"946",NA,"","","NULL","","",NA,NA,NA,NA
"947",NA,"","","NULL","","",NA,NA,NA,NA
"948",NA,"","","NULL","","",NA,NA,NA,NA
"949",NA,"","","NULL","","",NA,NA,NA,NA
"950",NA,"","","NULL","","",NA,NA,NA,NA
"951",NA,"","","NULL","","",NA,NA,NA,NA
"952",NA,"","","NULL","","",NA,NA,NA,NA
"953",NA,"","","NULL","","",NA,NA,NA,NA
"954",NA,"","","NULL","","",NA,NA,NA,NA
"955",NA,"","","NULL","","",NA,NA,NA,NA
"956",NA,"","","NULL","","",NA,NA,NA,NA
"957",NA,"","","NULL","","",NA,NA,NA,NA
"958",NA,"","","NULL","","",NA,NA,NA,NA
"959",NA,"","","NULL","","",NA,NA,NA,NA
"960",NA,"","","NULL","","",NA,NA,NA,NA
"961",NA,"","","NULL","","",NA,NA,NA,NA
"962",NA,"","","NULL","","",NA,NA,NA,NA
"963",NA,"","","NULL","","",NA,NA,NA,NA
"964",NA,"","","NULL","","",NA,NA,NA,NA
"965",NA,"","","NULL","","",NA,NA,NA,NA
"966",NA,"","","NULL","","",NA,NA,NA,NA
"967",NA,"","","NULL","","",NA,NA,NA,NA
"968",NA,"","","NULL","","",NA,NA,NA,NA
"969",NA,"","","NULL","","",NA,NA,NA,NA
"970",NA,"","","NULL","","",NA,NA,NA,NA
"971",NA,"","","NULL","","",NA,NA,NA,NA
"972",NA,"","","NULL","","",NA,NA,NA,NA
"973",NA,"","","NULL","","",NA,NA,NA,NA
"974",NA,"","","NULL","","",NA,NA,NA,NA
"975",NA,"","","NULL","","",NA,NA,NA,NA
"976",NA,"","","NULL","","",NA,NA,NA,NA
"977",NA,"","","NULL","","",NA,NA,NA,NA
"978",NA,"","","NULL","","",NA,NA,NA,NA
"979",NA,"","","NULL","","",NA,NA,NA,NA
"980",NA,"","","NULL","","",NA,NA,NA,NA
"981",NA,"","","NULL","","",NA,NA,NA,NA
"982",NA,"","","NULL","","",NA,NA,NA,NA
"983",NA,"","","NULL","","",NA,NA,NA,NA
"984",NA,"","","NULL","","",NA,NA,NA,NA
"985",NA,"","","NULL","","",NA,NA,NA,NA
"986",NA,"","","NULL","","",NA,NA,NA,NA
"987",NA,"","","NULL","","",NA,NA,NA,NA
"988",NA,"","","NULL","","",NA,NA,NA,NA
"989",NA,"","","NULL","","",NA,NA,NA,NA
"990",NA,"","","NULL","","",NA,NA,NA,NA
"991",NA,"","","NULL","","",NA,NA,NA,NA
"992",NA,"","","NULL","","",NA,NA,NA,NA
"993",NA,"","","NULL","","",NA,NA,NA,NA
"994",NA,"","","NULL","","",NA,NA,NA,NA
"995",NA,"","","NULL","","",NA,NA,NA,NA
"996",NA,"","","NULL","","",NA,NA,NA,NA
"997",NA,"","","NULL","","",NA,NA,NA,NA
"998",NA,"","","NULL","","",NA,NA,NA,NA
"999",NA,"","","NULL","","",NA,NA,NA,NA
